titulo,categoria,comunidade,data,hora,responsavel,descricao,visibilidade,recorrencia,dia_semana,dia_mes,semana_mes,data_fim,local,serie
Novena de Santa Teresinha,Novena,Igreja Matriz,01/02/2026,19:30,,,publico,nenhuma,,,,,Igreja Matriz,
Novena de Santa Teresinha,Novena,Igreja Matriz,02/02/2026,19:30,,,publico,nenhuma,,,,,Igreja Matriz,
Novena de Santa Teresinha,Novena,Igreja Matriz,03/02/2026,19:30,,,publico,nenhuma,,,,,Igreja Matriz,
Novena de Santa Teresinha,Novena,Igreja Matriz,04/02/2026,19:30,,,publico,nenhuma,,,,,Igreja Matriz,
Novena de Santa Teresinha,Novena,Igreja Matriz,05/02/2026,19:30,,,publico,nenhuma,,,,,Igreja Matriz,
Novena de Santa Teresinha,Novena,Igreja Matriz,06/02/2026,19:30,,,publico,nenhuma,,,,,Igreja Matriz,
Novena de Santa Teresinha,Novena,Igreja Matriz,07/02/2026,19:30,,,publico,nenhuma,,,,,Igreja Matriz,
Novena de Santa Teresinha,Novena,Igreja Matriz,08/02/2026,19:30,,,publico,nenhuma,,,,,Igreja Matriz,
Missa de Encerramento da Novena de Santa Teresinha,Novena,Igreja Matriz,09/02/2026,16:00,,,publico,nenhuma,,,,,Igreja Matriz,
Novena de Santa Teresinha,Novena,Igreja Matriz,01/03/2026,19:30,,,publico,nenhuma,,,,,Igreja Matriz,
Novena de Santa Teresinha,Novena,Igreja Matriz,02/03/2026,19:30,,,publico,nenhuma,,,,,Igreja Matriz,
Novena de Santa Teresinha,Novena,Igreja Matriz,03/03/2026,19:30,,,publico,nenhuma,,,,,Igreja Matriz,
Novena de Santa Teresinha,Novena,Igreja Matriz,04/03/2026,19:30,,,publico,nenhuma,,,,,Igreja Matriz,
Novena de Santa Teresinha,Novena,Igreja Matriz,05/03/2026,19:30,,,publico,nenhuma,,,,,Igreja Matriz,
Novena de Santa Teresinha,Novena,Igreja Matriz,06/03/2026,19:30,,,publico,nenhuma,,,,,Igreja Matriz,
Novena de Santa Teresinha,Novena,Igreja Matriz,07/03/2026,19:30,,,publico,nenhuma,,,,,Igreja Matriz,
Novena de Santa Teresinha,Novena,Igreja Matriz,08/03/2026,19:30,,,publico,nenhuma,,,,,Igreja Matriz,
Missa de Encerramento da Novena de Santa Teresinha,Novena,Igreja Matriz,09/03/2026,16:00,,,publico,nenhuma,,,,,Igreja Matriz,
Novena de Santa Teresinha,Novena,Igreja Matriz,06/04/2026,19:30,,,publico,nenhuma,,,,,Igreja Matriz,
Novena de Santa Teresinha,Novena,Igreja Matriz,07/04/2026,19:30,,,publico,nenhuma,,,,,Igreja Matriz,
Novena de Santa Teresinha,Novena,Igreja Matriz,08/04/2026,19:30,,,publico,nenhuma,,,,,Igreja Matriz,
Missa de Encerramento da Novena de Santa Teresinha,Novena,Igreja Matriz,09/04/2026,16:00,,,publico,nenhuma,,,,,Igreja Matriz,
Novena de Santa Teresinha,Novena,Igreja Matriz,01/05/2026,19:30,,,publico,nenhuma,,,,,Igreja Matriz,
Novena de Santa Teresinha,Novena,Igreja Matriz,02/05/2026,19:30,,,publico,nenhuma,,,,,Igreja Matriz,
Novena de Santa Teresinha,Novena,Igreja Matriz,03/05/2026,19:30,,,publico,nenhuma,,,,,Igreja Matriz,
Novena de Santa Teresinha,Novena,Igreja Matriz,04/05/2026,19:30,,,publico,nenhuma,,,,,Igreja Matriz,
Novena de Santa Teresinha,Novena,Igreja Matriz,05/05/2026,19:30,,,publico,nenhuma,,,,,Igreja Matriz,
Novena de Santa Teresinha,Novena,Igreja Matriz,06/05/2026,19:30,,,publico,nenhuma,,,,,Igreja Matriz,
Novena de Santa Teresinha,Novena,Igreja Matriz,07/05/2026,19:30,,,publico,nenhuma,,,,,Igreja Matriz,
Novena de Santa Teresinha,Novena,Igreja Matriz,08/05/2026,19:30,,,publico,nenhuma,,,,,Igreja Matriz,
Missa de Encerramento da Novena de Santa Teresinha,Novena,Igreja Matriz,09/05/2026,16:00,,,publico,nenhuma,,,,,Igreja Matriz,
Novena de Santa Teresinha,Novena,Igreja Matriz,01/06/2026,19:30,,,publico,nenhuma,,,,,Igreja Matriz,
Novena de Santa Teresinha,Novena,Igreja Matriz,02/06/2026,19:30,,,publico,nenhuma,,,,,Igreja Matriz,
Novena de Santa Teresinha,Novena,Igreja Matriz,03/06/2026,19:30,,,publico,nenhuma,,,,,Igreja Matriz,
Novena de Santa Teresinha,Novena,Igreja Matriz,04/06/2026,19:30,,,publico,nenhuma,,,,,Igreja Matriz,
Novena de Santa Teresinha,Novena,Igreja Matriz,05/06/2026,19:30,,,publico,nenhuma,,,,,Igreja Matriz,
Novena de Santa Teresinha,Novena,Igreja Matriz,06/06/2026,19:30,,,publico,nenhuma,,,,,Igreja Matriz,
Novena de Santa Teresinha,Novena,Igreja Matriz,07/06/2026,19:30,,,publico,nenhuma,,,,,Igreja Matriz,
Novena de Santa Teresinha,Novena,Igreja Matriz,08/06/2026,19:30,,,publico,nenhuma,,,,,Igreja Matriz,
Missa de Encerramento da Novena de Santa Teresinha,Novena,Igreja Matriz,09/06/2026,16:00,,,publico,nenhuma,,,,,Igreja Matriz,
Novena de Santa Teresinha,Novena,Igreja Matriz,01/07/2026,19:30,,,publico,nenhuma,,,,,Igreja Matriz,
Novena de Santa Teresinha,Novena,Igreja Matriz,02/07/2026,19:30,,,publico,nenhuma,,,,,Igreja Matriz,
Novena de Santa Teresinha,Novena,Igreja Matriz,03/07/2026,19:30,,,publico,nenhuma,,,,,Igreja Matriz,
Novena de Santa Teresinha,Novena,Igreja Matriz,04/07/2026,19:30,,,publico,nenhuma,,,,,Igreja Matriz,
Novena de Santa Teresinha,Novena,Igreja Matriz,05/07/2026,19:30,,,publico,nenhuma,,,,,Igreja Matriz,
Novena de Santa Teresinha,Novena,Igreja Matriz,06/07/2026,19:30,,,publico,nenhuma,,,,,Igreja Matriz,
Novena de Santa Teresinha,Novena,Igreja Matriz,07/07/2026,19:30,,,publico,nenhuma,,,,,Igreja Matriz,
Novena de Santa Teresinha,Novena,Igreja Matriz,08/07/2026,19:30,,,publico,nenhuma,,,,,Igreja Matriz,
Missa de Encerramento da Novena de Santa Teresinha,Novena,Igreja Matriz,09/07/2026,16:00,,,publico,nenhuma,,,,,Igreja Matriz,
Novena de Santa Teresinha,Novena,Igreja Matriz,01/08/2026,19:30,,,publico,nenhuma,,,,,Igreja Matriz,
Novena de Santa Teresinha,Novena,Igreja Matriz,02/08/2026,19:30,,,publico,nenhuma,,,,,Igreja Matriz,
Novena de Santa Teresinha,Novena,Igreja Matriz,03/08/2026,19:30,,,publico,nenhuma,,,,,Igreja Matriz,
Novena de Santa Teresinha,Novena,Igreja Matriz,04/08/2026,19:30,,,publico,nenhuma,,,,,Igreja Matriz,
Novena de Santa Teresinha,Novena,Igreja Matriz,05/08/2026,19:30,,,publico,nenhuma,,,,,Igreja Matriz,
Novena de Santa Teresinha,Novena,Igreja Matriz,06/08/2026,19:30,,,publico,nenhuma,,,,,Igreja Matriz,
Novena de Santa Teresinha,Novena,Igreja Matriz,07/08/2026,19:30,,,publico,nenhuma,,,,,Igreja Matriz,
Novena de Santa Teresinha,Novena,Igreja Matriz,08/08/2026,19:30,,,publico,nenhuma,,,,,Igreja Matriz,
Missa de Encerramento da Novena de Santa Teresinha,Novena,Igreja Matriz,09/08/2026,16:00,,,publico,nenhuma,,,,,Igreja Matriz,
Novena de Santa Teresinha,Novena,Igreja Matriz,01/09/2026,19:30,,,publico,nenhuma,,,,,Igreja Matriz,
Novena de Santa Teresinha,Novena,Igreja Matriz,02/09/2026,19:30,,,publico,nenhuma,,,,,Igreja Matriz,
Novena de Santa Teresinha,Novena,Igreja Matriz,03/09/2026,19:30,,,publico,nenhuma,,,,,Igreja Matriz,
Novena de Santa Teresinha,Novena,Igreja Matriz,04/09/2026,19:30,,,publico,nenhuma,,,,,Igreja Matriz,
Novena de Santa Teresinha,Novena,Igreja Matriz,05/09/2026,19:30,,,publico,nenhuma,,,,,Igreja Matriz,
Novena de Santa Teresinha,Novena,Igreja Matriz,06/09/2026,19:30,,,publico,nenhuma,,,,,Igreja Matriz,
Novena de Santa Teresinha,Novena,Igreja Matriz,07/09/2026,19:30,,,publico,nenhuma,,,,,Igreja Matriz,
Novena de Santa Teresinha,Novena,Igreja Matriz,08/09/2026,19:30,,,publico,nenhuma,,,,,Igreja Matriz,
Missa de Encerramento da Novena de Santa Teresinha,Novena,Igreja Matriz,09/09/2026,16:00,,,publico,nenhuma,,,,,Igreja Matriz,
Novena de Santa Teresinha,Novena,Igreja Matriz,01/10/2026,19:30,,,publico,nenhuma,,,,,Igreja Matriz,
Novena de Santa Teresinha,Novena,Igreja Matriz,02/10/2026,19:30,,,publico,nenhuma,,,,,Igreja Matriz,
Novena de Santa Teresinha,Novena,Igreja Matriz,03/10/2026,19:30,,,publico,nenhuma,,,,,Igreja Matriz,
Novena de Santa Teresinha,Novena,Igreja Matriz,04/10/2026,19:30,,,publico,nenhuma,,,,,Igreja Matriz,
Novena de Santa Teresinha,Novena,Igreja Matriz,01/11/2026,19:30,,,publico,nenhuma,,,,,Igreja Matriz,
Novena de Santa Teresinha,Novena,Igreja Matriz,02/11/2026,19:30,,,publico,nenhuma,,,,,Igreja Matriz,
Novena de Santa Teresinha,Novena,Igreja Matriz,03/11/2026,19:30,,,publico,nenhuma,,,,,Igreja Matriz,
Novena de Santa Teresinha,Novena,Igreja Matriz,04/11/2026,19:30,,,publico,nenhuma,,,,,Igreja Matriz,
Novena de Santa Teresinha,Novena,Igreja Matriz,05/11/2026,19:30,,,publico,nenhuma,,,,,Igreja Matriz,
Novena de Santa Teresinha,Novena,Igreja Matriz,06/11/2026,19:30,,,publico,nenhuma,,,,,Igreja Matriz,
Novena de Santa Teresinha,Novena,Igreja Matriz,07/11/2026,19:30,,,publico,nenhuma,,,,,Igreja Matriz,
Novena de Santa Teresinha,Novena,Igreja Matriz,08/11/2026,19:30,,,publico,nenhuma,,,,,Igreja Matriz,
Missa de Encerramento da Novena de Santa Teresinha,Novena,Igreja Matriz,09/11/2026,16:00,,,publico,nenhuma,,,,,Igreja Matriz,
Novena de Santa Teresinha,Novena,Igreja Matriz,01/12/2026,19:30,,,publico,nenhuma,,,,,Igreja Matriz,
Novena de Santa Teresinha,Novena,Igreja Matriz,02/12/2026,19:30,,,publico,nenhuma,,,,,Igreja Matriz,
Novena de Santa Teresinha,Novena,Igreja Matriz,03/12/2026,19:30,,,publico,nenhuma,,,,,Igreja Matriz,
Novena de Santa Teresinha,Novena,Igreja Matriz,04/12/2026,19:30,,,publico,nenhuma,,,,,Igreja Matriz,
Novena de Santa Teresinha,Novena,Igreja Matriz,05/12/2026,19:30,,,publico,nenhuma,,,,,Igreja Matriz,
Novena de Santa Teresinha,Novena,Igreja Matriz,06/12/2026,19:30,,,publico,nenhuma,,,,,Igreja Matriz,
Novena de Santa Teresinha,Novena,Igreja Matriz,07/12/2026,19:30,,,publico,nenhuma,,,,,Igreja Matriz,
Novena de Santa Teresinha,Novena,Igreja Matriz,08/12/2026,19:30,,,publico,nenhuma,,,,,Igreja Matriz,
Missa de Encerramento da Novena de Santa Teresinha,Novena,Igreja Matriz,09/12/2026,16:00,,,publico,nenhuma,,,,,Igreja Matriz,
Santa Missa,Missa,Igreja Matriz,07/01/2026,07:00,,,publico,semanal,3,,,,Igreja Matriz,
Santa Missa,Missa,Igreja Matriz,08/01/2026,07:00,,,publico,semanal,4,,,,Igreja Matriz,
Santa Missa,Missa,Igreja Matriz,09/01/2026,07:00,,,publico,semanal,5,,,,Igreja Matriz,
Santa Missa,Missa,Igreja Matriz,10/01/2026,19:30,,,publico,semanal,6,,,,Igreja Matriz,
Santa Missa (Crianças),Missa,Igreja Matriz,04/01/2026,10:00,,,publico,semanal,0,,,,Igreja Matriz,
Santa Missa,Missa,Igreja Matriz,04/01/2026,19:00,,,publico,semanal,0,,,,Igreja Matriz,
Santa Missa,Missa,Capela Nossa Senhora Aparecida,10/01/2026,18:00,,,publico,semanal,6,,,,Capela Nossa Senhora Aparecida,
Santa Missa,Missa,Capela São Judas Tadeu,04/01/2026,07:00,,,publico,semanal,0,,,,Capela São Judas Tadeu,
Santa Missa,Missa,Capela Nosso Senhor do Bonfim,04/01/2026,08:30,,,publico,semanal,0,,,,Capela Nosso Senhor do Bonfim,
Santa Missa,Missa,Capela Santa Edwiges,04/01/2026,17:00,,,publico,semanal,0,,,,Capela Santa Edwiges,
Missa na Capela São Francisco de Assis,Missa,Capela São Francisco de Assis,08/01/2026,19:30,,,publico,semanal,4,,,,Capela São Francisco de Assis,
Missa na Capela Divino Espírito Santo,Missa,Capela Divino Espírito Santo,08/01/2026,19:30,,,publico,semanal,4,,,,Capela Divino Espírito Santo,
Missa na Capela Santa Luzia,Missa,Capela Santa Luzia,08/01/2026,19:30,,,publico,semanal,4,,,,Capela Santa Luzia,
Missa na Capela Nossa Senhora Desatadora dos Nós,Missa,Capela Nossa Senhora Desatadora dos Nós,08/01/2026,19:30,,,publico,semanal,4,,,,Capela Nossa Senhora Desatadora dos Nós,
Missa na Capela Santo Expedito,Missa,Capela Santo Expedito,09/01/2026,19:30,,,publico,semanal,5,,,,Capela Santo Expedito,
Missa na Capela Jesus da Divina Misericórdia,Missa,Capela Jesus da Divina Misericórdia,09/01/2026,19:30,,,publico,semanal,5,,,,Capela Jesus da Divina Misericórdia,
Missa na Capela Nossa Senhora do Carmo,Missa,Capela Nossa Senhora do Carmo,09/01/2026,19:30,,,publico,semanal,5,,,,Capela Nossa Senhora do Carmo,
Terço dos Homens,Pastoral / Grupo de Oração,Capela São Judas Tadeu,06/01/2026,19:30,,,publico,semanal,2,,,,Capela São Judas Tadeu,
Terço dos Homens,Pastoral / Grupo de Oração,Capela Nossa Senhora Aparecida,06/01/2026,19:30,,,publico,semanal,2,,,,Capela Nossa Senhora Aparecida,
Terço dos Homens,Pastoral / Grupo de Oração,Capela Nosso Senhor do Bonfim,06/01/2026,19:30,,,publico,semanal,2,,,,Capela Nosso Senhor do Bonfim,
Terço dos Homens,Pastoral / Grupo de Oração,Capela Nossa Senhora do Carmo,06/01/2026,19:30,,,publico,semanal,2,,,,Capela Nossa Senhora do Carmo,
Terço dos Homens,Pastoral / Grupo de Oração,Capela Jesus da Divina Misericórdia,06/01/2026,19:30,,,publico,semanal,2,,,,Capela Jesus da Divina Misericórdia,
Terço dos Homens,Pastoral / Grupo de Oração,Capela Divino Espírito Santo,06/01/2026,19:30,,,publico,semanal,2,,,,Capela Divino Espírito Santo,
Terço dos Homens,Pastoral / Grupo de Oração,Capela São Francisco de Assis,06/01/2026,19:30,,,publico,semanal,2,,,,Capela São Francisco de Assis,
Terço dos Homens,Pastoral / Grupo de Oração,Capela Santa Edwiges,06/01/2026,19:30,,,publico,semanal,2,,,,Capela Santa Edwiges,
Terço dos Homens,Pastoral / Grupo de Oração,Capela Santa Luzia,06/01/2026,19:30,,,publico,semanal,2,,,,Capela Santa Luzia,
Terço dos Homens,Pastoral / Grupo de Oração,Capela Santo Expedito,06/01/2026,19:30,,,publico,semanal,2,,,,Capela Santo Expedito,
Terço dos Homens,Pastoral / Grupo de Oração,Igreja Matriz,06/01/2026,19:30,,,publico,semanal,2,,,,Igreja Matriz,
Terço das Mulheres,Pastoral / Grupo de Oração,Capela Nosso Senhor do Bonfim,05/01/2026,20:00,,,publico,semanal,1,,,,Capela Nosso Senhor do Bonfim,
Terço das Mulheres,Pastoral / Grupo de Oração,Capela Santa Edwiges,05/01/2026,19:30,,,publico,semanal,1,,,,Capela Santa Edwiges,
Cenáculo da Divina Misericórdia,Pastoral / Grupo de Oração,Igreja Matriz,05/01/2026,20:00,,,publico,semanal,1,,,,Igreja Matriz,
Cenáculo da Divina Misericórdia,Pastoral / Grupo de Oração,Capela Divino Espírito Santo,05/01/2026,20:00,,,publico,semanal,1,,,,Capela Divino Espírito Santo,
Grupo de Oração,Pastoral / Grupo de Oração,Capela São Judas Tadeu,06/01/2026,20:00,,,publico,semanal,2,,,,Capela São Judas Tadeu,
Mães Orantes,Pastoral / Grupo de Oração,Igreja Matriz,09/01/2026,18:00,,,publico,semanal,5,,,,Igreja Matriz,
Mães Orantes,Pastoral / Grupo de Oração,Capela Nossa Senhora Aparecida,09/01/2026,18:30,,,publico,semanal,5,,,,Capela Nossa Senhora Aparecida,
Mães Orantes,Pastoral / Grupo de Oração,Capela São Judas Tadeu,08/01/2026,18:30,,,publico,semanal,4,,,,Capela São Judas Tadeu,
Mães Orantes,Pastoral / Grupo de Oração,Capela São Francisco de Assis,05/01/2026,18:15,,,publico,semanal,1,,,,Capela São Francisco de Assis,
Mães Orantes,Pastoral / Grupo de Oração,Capela Divino Espírito Santo,07/01/2026,18:30,,,publico,semanal,3,,,,Capela Divino Espírito Santo,
Círculo de Leitores Católicos,Pastoral / Grupo de Oração,Capela Nossa Senhora Aparecida,08/01/2026,19:30,,,publico,semanal,4,,,,Capela Nossa Senhora Aparecida,
Terço de Nossa Senhora do Apocalipse,Pastoral / Grupo de Oração,Capela Nossa Senhora do Carmo,07/01/2026,19:00,,,publico,semanal,3,,,,Capela Nossa Senhora do Carmo,
Adoração Silenciosa,Pastoral / Grupo de Oração,Capela São Francisco de Assis,08/01/2026,20:00,,,publico,semanal,4,,,,Capela São Francisco de Assis,
Adoração 'Morada',Pastoral / Grupo de Oração,Igreja Matriz,08/01/2026,20:30,,,publico,semanal,4,,,,Igreja Matriz,
Hora da Misericórdia,Pastoral / Grupo de Oração,Igreja Matriz,08/01/2026,15:00,,,publico,semanal,4,,,,Igreja Matriz,
Celebração da Palavra com MECE's,Pastoral / Grupo de Oração,Capela Divino Espírito Santo,09/01/2026,19:30,,,publico,semanal,5,,,,Capela Divino Espírito Santo,
Celebração da Palavra com MECE's,Pastoral / Grupo de Oração,Capela Nossa Senhora do Carmo,09/01/2026,19:30,,,publico,semanal,5,,,,Capela Nossa Senhora do Carmo,
Novena das Mãos Ensanguentadas de Jesus,Novena,Capela Santo Expedito,05/01/2026,19:30,,,publico,semanal,1,,,,Capela Santo Expedito,
Catequese com Pe. Rafael,Catequese,Igreja Matriz,07/01/2026,20:00,,,publico,semanal,3,,,,Igreja Matriz,
Pastoral da Sobriedade,Pastoral / Grupo de Oração,Igreja Matriz,06/01/2026,20:00,,,publico,semanal,2,,,,Salão Paroquial,
Infância Missionária,Pastoral / Grupo de Oração,Igreja Matriz,10/01/2026,16:00,,,publico,semanal,6,,,,Igreja Matriz,
Infância Missionária,Pastoral / Grupo de Oração,Capela Nossa Senhora Aparecida,10/01/2026,10:00,,,publico,semanal,6,,,,Capela Nossa Senhora Aparecida,
Infância Missionária,Pastoral / Grupo de Oração,Capela Nosso Senhor do Bonfim,10/01/2026,16:00,,,publico,semanal,6,,,,Capela Nosso Senhor do Bonfim,
Ofício de Nossa Senhora,Pastoral / Grupo de Oração,Capela Nossa Senhora Aparecida,10/01/2026,06:30,,,publico,semanal,6,,,,Capela Nossa Senhora Aparecida,
Pastoral do Adolescente,Pastoral / Grupo de Oração,Igreja Matriz,10/01/2026,17:30,,,publico,semanal,6,,,,Igreja Matriz,
Grupo Bento XVI,Pastoral / Grupo de Oração,Igreja Matriz,10/01/2026,19:30,,,publico,semanal,6,,,,Igreja Matriz,
Legitimações na Igreja Matriz,Catequese,Igreja Matriz,10/01/2026,10:00,,,publico,semanal,6,,,,Igreja Matriz,
Missa Votiva de Nossa Senhora de Fátima,Missa,Igreja Matriz,13/01/2026,15:00,,"Missa votiva com bênção dos objetos de devoção, imagens e água.",publico,mensal,,13,,,Igreja Matriz,
Missa de Cura e Libertação,Missa,Igreja Matriz,25/01/2026,19:00,,Todo último domingo do mês.,publico,mensal,0,,5,,Igreja Matriz,
Missa no Abrigo Esperança,Missa,Igreja Matriz,22/01/2026,15:00,,Toda 4ª quinta-feira do mês.,publico,mensal,4,,4,,Abrigo Esperança,
Celebração com Seminarista (1ª 6ª-feira),Missa,Capela Jesus da Divina Misericórdia,02/01/2026,19:30,,,publico,mensal,5,,1,,Capela Jesus da Divina Misericórdia,
Celebração com Seminarista (2º domingo),Missa,Capela Jesus da Divina Misericórdia,11/01/2026,08:00,,,publico,mensal,0,,2,,Capela Jesus da Divina Misericórdia,
Celebração com Seminarista (2ª 6ª-feira),Missa,Capela São Francisco de Assis,09/01/2026,19:30,,,publico,mensal,5,,2,,Capela São Francisco de Assis,
Celebração com Seminarista (3º domingo),Missa,Capela Divino Espírito Santo,18/01/2026,09:30,,,publico,mensal,0,,3,,Capela Divino Espírito Santo,
Celebração com Seminarista (3º domingo),Missa,Capela São Francisco de Assis,18/01/2026,08:00,,,publico,mensal,0,,3,,Capela São Francisco de Assis,
Ofício da Imaculada Conceição,Pastoral / Grupo de Oração,Capela Divino Espírito Santo,18/01/2026,06:00,,,publico,mensal,6,,3,,Capela Divino Espírito Santo,
Celebração com Seminarista (3ª 6ª-feira),Missa,Capela Santo Expedito,16/01/2026,19:30,,,publico,mensal,5,,3,,Capela Santo Expedito,
Celebração com Seminarista (4ª 6ª-feira),Missa,Capela Santa Luzia,23/01/2026,19:30,,,publico,mensal,5,,4,,Capela Santa Luzia,
Celebração com Seminarista (1º domingo),Missa,Capela Santa Luzia,04/01/2026,08:00,,,publico,mensal,0,,1,,Capela Santa Luzia,
Celebração com Seminarista (1º domingo),Missa,Capela Nossa Senhora do Carmo,04/01/2026,09:30,,,publico,mensal,0,,1,,Capela Nossa Senhora do Carmo,
Celebração com Seminarista (4º domingo),Missa,Capela Santo Expedito,25/01/2026,08:00,,,publico,mensal,0,,4,,Capela Santo Expedito,
"Missa Santa Maria, Mãe de Deus",Festa / Celebração Especial,Igreja Matriz,01/01/2026,19:30,,,publico,nenhuma,,,,,Igreja Matriz,
Missa da Epifania do Senhor,Festa / Celebração Especial,Igreja Matriz,06/01/2026,19:30,,,publico,nenhuma,,,,,Igreja Matriz,
Reunião de Coordenadores da Catequese,Reunião,Capela Nossa Senhora Aparecida,12/01/2026,,,,publico,nenhuma,,,,,Salão da Capela Nossa Senhora Aparecida,
Início das Inscrições da Catequese,Catequese,Igreja Matriz,12/01/2026,,,,publico,nenhuma,,,,,Igreja Matriz,
Reunião Pastoral da Criança,Reunião,Igreja Matriz,15/01/2026,20:00,,,publico,nenhuma,,,,,Salão do Oras,
Celebração da Palavra e Entrega das Cestas Básicas,Retiro / Espiritualidade,Igreja Matriz,17/01/2026,14:00,,,publico,nenhuma,,,,,Igreja Matriz,
Tríduo em Honra a São Sebastião,Tríduo,Capela Santa Edwiges,17/01/2026,19:30,,,publico,nenhuma,,,,,Capela Santa Edwiges,Tríduo em Honra a São Sebastião
Tríduo em Honra a São Sebastião,Tríduo,Capela Santa Edwiges,19/01/2026,19:30,,,publico,nenhuma,,,,,Capela Santa Edwiges,Tríduo em Honra a São Sebastião
Tríduo em Honra a São Sebastião,Tríduo,Capela Santa Edwiges,20/01/2026,19:30,,,publico,nenhuma,,,,,Capela Santa Edwiges,Tríduo em Honra a São Sebastião
Missa em Honra a São Sebastião,Festa / Celebração Especial,Capela Santa Edwiges,20/01/2026,19:30,,,publico,nenhuma,,,,,Capela Santa Edwiges,
Acantonamento,Acampamento,Igreja Matriz,24/01/2026,,,,publico,nenhuma,,,,25/01/2026,Fazenda,
Apostolado da Oração,Pastoral / Grupo de Oração,Igreja Matriz,02/02/2026,19:30,,,publico,nenhuma,,,,,Salão da Mariana,
Missa da Apresentação do Senhor,Festa / Celebração Especial,Igreja Matriz,02/02/2026,19:30,,,publico,nenhuma,,,,,Igreja Matriz,
Missa de São Brás (com bênção da garganta),Festa / Celebração Especial,Igreja Matriz,03/02/2026,19:30,,,publico,nenhuma,,,,,Igreja Matriz,
Hora Santa – Apostolado da Oração,Pastoral / Grupo de Oração,Capela Nosso Senhor do Bonfim,05/02/2026,19:30,,,publico,nenhuma,,,,,Capela Nosso Senhor do Bonfim,
Curso Emaús,Curso / Formação,Capela Nossa Senhora Aparecida,07/02/2026,,,,publico,nenhuma,,,,08/02/2026,Salão da Capela Nossa Senhora Aparecida,
Aviva Fátima,Retiro / Espiritualidade,Igreja Matriz,09/02/2026,19:00,,,publico,nenhuma,,,,,Igreja Matriz,
Reunião do Clero por Região Pastoral,Reunião,Igreja Matriz,17/02/2026,09:00,,,publico,nenhuma,,,,,Cúria Diocesana,
Reunião CPP,Reunião,Igreja Matriz,17/02/2026,20:00,,,publico,nenhuma,,,,,Igreja Matriz,
Missa com Imposição de Cinzas,Festa / Celebração Especial,Igreja Matriz,18/02/2026,07:00,,,publico,nenhuma,,,,,Igreja Matriz,
Missa com Imposição de Cinzas,Festa / Celebração Especial,Igreja Matriz,18/02/2026,15:00,,,publico,nenhuma,,,,,Igreja Matriz,
Missa com Imposição de Cinzas,Festa / Celebração Especial,Igreja Matriz,18/02/2026,19:30,,,publico,nenhuma,,,,,Igreja Matriz,
Missa Penitencial,Missa,Igreja Matriz,21/02/2026,03:00,,,publico,nenhuma,,,,,Igreja Matriz,
Acampamento de Catequistas,Acampamento,Igreja Matriz,21/02/2026,,,,publico,nenhuma,,,,22/02/2026,Centro de Formação,
Missa e Entrega das Cestas Básicas,Retiro / Espiritualidade,Igreja Matriz,21/02/2026,14:00,,,publico,nenhuma,,,,,Igreja Matriz,
Missa Mãe Rainha e Capelinhas Jesus Misericordioso,Pastoral / Grupo de Oração,Igreja Matriz,21/02/2026,19:30,,,publico,nenhuma,,,,,Igreja Matriz,
Missa com Bênção dos Materiais Escolares,Festa / Celebração Especial,Igreja Matriz,22/02/2026,10:00,,,publico,nenhuma,,,,,Igreja Matriz,
Batizados,Festa / Celebração Especial,Igreja Matriz,22/02/2026,11:00,,,publico,nenhuma,,,,,Igreja Matriz,
Reunião com os Pais da Catequese,Reunião,Igreja Matriz,23/02/2026,19:30,,,publico,nenhuma,,,,,Igreja Matriz,
Encontro Rosas e Fé,Pastoral / Grupo de Oração,Capela Nossa Senhora do Carmo,23/02/2026,19:30,,,publico,nenhuma,,,,,Capela Nossa Senhora do Carmo,
Reunião Geral do Clero,Reunião,Igreja Matriz,24/02/2026,09:00,,,publico,nenhuma,,,,,Cúria Diocesana,
Reunião do Conselho Formadores,Reunião,Igreja Matriz,27/02/2026,09:00,,,publico,nenhuma,,,,,Cúria Diocesana,
Espiritualidade Mães Orantes e outros,Retiro / Espiritualidade,Capela Nossa Senhora Aparecida,28/02/2026,14:00,,,publico,nenhuma,,,,,Salão da Capela Nossa Senhora Aparecida,
Início da Catequese Paroquial,Catequese,Igreja Matriz,02/03/2026,,,,publico,nenhuma,,,,,Igreja Matriz,
Apostolado da Oração,Pastoral / Grupo de Oração,Igreja Matriz,02/03/2026,19:30,,,publico,nenhuma,,,,,Salão da Mariana,
Missa Penitencial,Missa,Igreja Matriz,07/03/2026,03:00,,,publico,nenhuma,,,,,Igreja Matriz,
Acampando com Rosas,Acampamento,Igreja Matriz,07/03/2026,,,,publico,nenhuma,,,,08/03/2026,Centro de Formação,
Missa da Entrega da Palavra de Deus e Rito do Sinal da Cruz (todas as turmas),Catequese,Igreja Matriz,08/03/2026,10:00,,,publico,nenhuma,,,,,Igreja Matriz,
Reunião do Conselho Presbiteral,Reunião,Igreja Matriz,10/03/2026,09:00,,,publico,nenhuma,,,,,Cúria Diocesana,
Acampa Bento,Acampamento,Igreja Matriz,13/03/2026,,,Virada Radical,publico,nenhuma,,,,15/03/2026,Centro de Formação,
Missa Penitencial,Missa,Igreja Matriz,14/03/2026,03:00,,,publico,nenhuma,,,,,Igreja Matriz,
1º Costelaço Paroquial,Evento Social,Igreja Matriz,14/03/2026,,,,publico,nenhuma,,,,,Igreja Matriz,
Missa de Encerramento do Acampa Bento,Acampamento,Igreja Matriz,15/03/2026,19:00,,,publico,nenhuma,,,,,Igreja Matriz,
Reunião do Clero por Região Pastoral,Reunião,Igreja Matriz,17/03/2026,,,,publico,nenhuma,,,,,Cúria Diocesana,
Missa em Honra a São José,Festa / Celebração Especial,Igreja Matriz,19/03/2026,19:30,,,publico,nenhuma,,,,,Igreja Matriz,
Missa Penitencial,Missa,Igreja Matriz,21/03/2026,03:00,,,publico,nenhuma,,,,,Igreja Matriz,
Retiro do Apostolado da Oração,Retiro / Espiritualidade,Igreja Matriz,21/03/2026,,,,publico,nenhuma,,,,22/03/2026,Centro de Formação,
Catequese para o Matrimônio,Catequese,Capela Nossa Senhora Aparecida,21/03/2026,13:00,,,publico,nenhuma,,,,,Salão da Capela Nossa Senhora Aparecida,
Missa e Entrega das Cestas Básicas,Retiro / Espiritualidade,Igreja Matriz,21/03/2026,14:00,,,publico,nenhuma,,,,,Igreja Matriz,
Espiritualidade Pastoral da Acolhida,Retiro / Espiritualidade,Igreja Matriz,21/03/2026,14:00,,,publico,nenhuma,,,,,Salão Paroquial,
Missa Mãe Rainha,Pastoral / Grupo de Oração,Igreja Matriz,21/03/2026,19:30,,,publico,nenhuma,,,,,Igreja Matriz,
Batizados,Festa / Celebração Especial,Igreja Matriz,22/03/2026,11:00,,,publico,nenhuma,,,,,Igreja Matriz,
Reunião Pós-Encontro ECC,Reunião,Igreja Matriz,23/03/2026,20:00,,,publico,nenhuma,,,,,Salão do Oras,
Reunião do Conselho Econômico,Reunião,Igreja Matriz,24/03/2026,09:00,,,publico,nenhuma,,,,,Cúria Diocesana,
Missa da Anunciação do Senhor,Festa / Celebração Especial,Igreja Matriz,25/03/2026,19:30,,,publico,nenhuma,,,,,Igreja Matriz,
Via-Sacra,Retiro / Espiritualidade,Igreja Matriz,27/03/2026,19:30,,,publico,nenhuma,,,,,Igreja Matriz,
Missa Penitencial,Missa,Igreja Matriz,28/03/2026,03:00,,,publico,nenhuma,,,,,Igreja Matriz,
Missa de Ramos (com procissão),Festa / Celebração Especial,Igreja Matriz,29/03/2026,08:00,,,publico,nenhuma,,,,,Igreja Matriz,
Missa de Ramos (com procissão),Festa / Celebração Especial,Capela Nosso Senhor do Bonfim,29/03/2026,10:00,,,publico,nenhuma,,,,,Capela Nosso Senhor do Bonfim,
Missa de Ramos (sem procissão),Festa / Celebração Especial,Capela Santa Edwiges,29/03/2026,17:00,,,publico,nenhuma,,,,,Capela Santa Edwiges,
Missa de Ramos (sem procissão),Festa / Celebração Especial,Igreja Matriz,29/03/2026,19:00,,,publico,nenhuma,,,,,Igreja Matriz,
Missa de Nosso Senhor dos Passos,Festa / Celebração Especial,Igreja Matriz,30/03/2026,19:30,,,publico,nenhuma,,,,,Praça da Matriz,
Sete Dores de Nossa Senhora,Retiro / Espiritualidade,Igreja Matriz,31/03/2026,19:30,,,publico,nenhuma,,,,,Igreja Matriz,
Reunião Geral do Clero,Reunião,Igreja Matriz,01/04/2026,09:00,,,publico,nenhuma,,,,,Cúria Diocesana,
Missa dos Enfermos,Missa,Igreja Matriz,01/04/2026,15:00,,,publico,nenhuma,,,,,Igreja Matriz,
Missa dos Santos Óleos,Festa / Celebração Especial,Igreja Matriz,01/04/2026,19:30,,,publico,nenhuma,,,,,Catedral,
Missa da Ceia do Senhor (Lava-Pés),Festa / Celebração Especial,Igreja Matriz,02/04/2026,19:30,,,publico,nenhuma,,,,,Igreja Matriz,
Vigília Após a Missa da Ceia,Retiro / Espiritualidade,Igreja Matriz,02/04/2026,,,,publico,nenhuma,,,,,Salão Paroquial,
1º Dia da Novena da Divina Misericórdia,Novena,Igreja Matriz,03/04/2026,14:00,,,publico,nenhuma,,,,,Igreja Matriz,Novena da Divina Misericórdia
Celebração da Paixão de Nosso Senhor Jesus Cristo,Festa / Celebração Especial,Igreja Matriz,03/04/2026,15:00,,,publico,nenhuma,,,,,Igreja Matriz,
Encenação da Paixão de Cristo,Evento Social,Igreja Matriz,03/04/2026,20:00,,,publico,nenhuma,,,,,Igreja Matriz,
2º Dia da Novena da Divina Misericórdia,Novena,Igreja Matriz,04/04/2026,18:00,,,publico,nenhuma,,,,,Igreja Matriz,Novena da Divina Misericórdia
Missa da Vigília Pascal,Festa / Celebração Especial,Igreja Matriz,04/04/2026,19:30,,,publico,nenhuma,,,,,Igreja Matriz,
3º Dia da Novena da Divina Misericórdia,Novena,Igreja Matriz,05/04/2026,18:00,,,publico,nenhuma,,,,,Igreja Matriz,Novena da Divina Misericórdia
Missa de Páscoa,Festa / Celebração Especial,Capela São Judas Tadeu,05/04/2026,07:00,,,publico,nenhuma,,,,,Capela São Judas Tadeu,
Missa de Páscoa,Festa / Celebração Especial,Capela Nosso Senhor do Bonfim,05/04/2026,08:30,,,publico,nenhuma,,,,,Capela Nosso Senhor do Bonfim,
Missa de Páscoa das Crianças,Festa / Celebração Especial,Igreja Matriz,05/04/2026,10:00,,,publico,nenhuma,,,,,Igreja Matriz,
Missa de Páscoa,Festa / Celebração Especial,Capela Santa Edwiges,05/04/2026,17:00,,,publico,nenhuma,,,,,Capela Santa Edwiges,
Missa de Páscoa,Festa / Celebração Especial,Igreja Matriz,05/04/2026,19:00,,,publico,nenhuma,,,,,Igreja Matriz,
4º Dia da Novena da Divina Misericórdia,Novena,Capela Jesus da Divina Misericórdia,06/04/2026,19:30,,,publico,nenhuma,,,,,Capela Jesus da Divina Misericórdia,Novena da Divina Misericórdia
5º Dia da Novena da Divina Misericórdia,Novena,Capela Jesus da Divina Misericórdia,07/04/2026,19:30,,,publico,nenhuma,,,,,Capela Jesus da Divina Misericórdia,Novena da Divina Misericórdia
6º Dia da Novena da Divina Misericórdia,Novena,Capela Jesus da Divina Misericórdia,08/04/2026,19:30,,,publico,nenhuma,,,,,Capela Jesus da Divina Misericórdia,Novena da Divina Misericórdia
7º Dia da Novena da Divina Misericórdia,Novena,Capela Jesus da Divina Misericórdia,09/04/2026,19:30,,,publico,nenhuma,,,,,Capela Jesus da Divina Misericórdia,Novena da Divina Misericórdia
8º Dia da Novena da Divina Misericórdia,Novena,Capela Jesus da Divina Misericórdia,10/04/2026,19:30,,,publico,nenhuma,,,,,Capela Jesus da Divina Misericórdia,Novena da Divina Misericórdia
9º Dia da Novena da Divina Misericórdia,Novena,Capela Jesus da Divina Misericórdia,11/04/2026,19:30,,,publico,nenhuma,,,,,Capela Jesus da Divina Misericórdia,Novena da Divina Misericórdia
Apostolado da Oração,Pastoral / Grupo de Oração,Igreja Matriz,06/04/2026,19:30,,,publico,nenhuma,,,,,Salão da Mariana,
Acampamento Santo Antônio,Acampamento,Igreja Matriz,10/04/2026,,,,publico,nenhuma,,,,12/04/2026,Centro de Formação,
Caminhada da Divina Misericórdia,Caminhada / Procissão,Igreja Matriz,12/04/2026,07:30,,,publico,nenhuma,,,,,Igreja Matriz,
Missa da Entrega do Terço – 1ª Eucaristia,Catequese,Igreja Matriz,12/04/2026,10:00,,,publico,nenhuma,,,,,Igreja Matriz,
Missa Festa da Divina Misericórdia,Festa / Celebração Especial,Capela Jesus da Divina Misericórdia,12/04/2026,11:00,,,publico,nenhuma,,,,,Capela Jesus da Divina Misericórdia,
Reunião CPP,Reunião,Igreja Matriz,14/04/2026,20:00,,,publico,nenhuma,,,,,Igreja Matriz,
Encontro Rosas e Fé,Pastoral / Grupo de Oração,Capela Nossa Senhora do Carmo,13/04/2026,19:30,,,publico,nenhuma,,,,,Capela Nossa Senhora do Carmo,
Acampas,Acampamento,Igreja Matriz,18/04/2026,,,,publico,nenhuma,,,,19/04/2026,Centro de Formação,
Missa e Entrega das Cestas Básicas,Retiro / Espiritualidade,Igreja Matriz,18/04/2026,14:00,,,publico,nenhuma,,,,,Igreja Matriz,
Missa Mãe Rainha,Pastoral / Grupo de Oração,Igreja Matriz,18/04/2026,19:30,,,publico,nenhuma,,,,,Igreja Matriz,
Missa de Encerramento do Acampas,Acampamento,Igreja Matriz,19/04/2026,19:00,,,publico,nenhuma,,,,,Igreja Matriz,
Curso Jesus nos 4 Evangelhos,Curso / Formação,Capela Nossa Senhora Aparecida,25/04/2026,,,,publico,nenhuma,,,,26/04/2026,Salão da Capela Nossa Senhora Aparecida,
Retiro das Famílias,Retiro / Espiritualidade,Igreja Matriz,26/04/2026,,,,publico,nenhuma,,,,,Centro de Formação,
Batizados,Festa / Celebração Especial,Igreja Matriz,26/04/2026,11:00,,,publico,nenhuma,,,,,Igreja Matriz,
Reunião Pós-Encontro ECC,Reunião,Igreja Matriz,27/04/2026,20:00,,,publico,nenhuma,,,,,Salão do Oras,
Hora Santa,Pastoral / Grupo de Oração,Capela Nosso Senhor do Bonfim,30/04/2026,19:30,,,publico,nenhuma,,,,,Capela Nosso Senhor do Bonfim,
Missa de 5 Anos de Ordenação do Padre Rafael,Festa / Celebração Especial,Igreja Matriz,01/05/2026,19:30,,,publico,nenhuma,,,,,Igreja Matriz,
1º Dia da Novena da Padroeira,Novena,Igreja Matriz,04/05/2026,19:30,,,publico,nenhuma,,,,,Igreja Matriz,Novena da Padroeira
2º Dia da Novena da Padroeira,Novena,Igreja Matriz,05/05/2026,19:30,,,publico,nenhuma,,,,,Igreja Matriz,Novena da Padroeira
3º Dia da Novena da Padroeira,Novena,Igreja Matriz,06/05/2026,19:30,,,publico,nenhuma,,,,,Igreja Matriz,Novena da Padroeira
4º Dia da Novena da Padroeira,Novena,Igreja Matriz,07/05/2026,19:30,,,publico,nenhuma,,,,,Igreja Matriz,Novena da Padroeira
5º Dia da Novena da Padroeira,Novena,Igreja Matriz,08/05/2026,19:30,,,publico,nenhuma,,,,,Igreja Matriz,Novena da Padroeira
6º Dia da Novena da Padroeira,Novena,Igreja Matriz,09/05/2026,19:30,,,publico,nenhuma,,,,,Igreja Matriz,Novena da Padroeira
7º Dia da Novena da Padroeira,Novena,Igreja Matriz,10/05/2026,19:00,,,publico,nenhuma,,,,,Igreja Matriz,Novena da Padroeira
8º Dia da Novena da Padroeira,Novena,Igreja Matriz,11/05/2026,19:30,,,publico,nenhuma,,,,,Igreja Matriz,Novena da Padroeira
9º Dia da Novena da Padroeira,Novena,Igreja Matriz,12/05/2026,19:30,,,publico,nenhuma,,,,,Igreja Matriz,Novena da Padroeira
Santo Rosário,Pastoral / Grupo de Oração,Igreja Matriz,13/05/2026,12:00,,,publico,nenhuma,,,,,Igreja Matriz,
Procissão Luminosa,Caminhada / Procissão,Capela Nosso Senhor do Bonfim,13/05/2026,19:00,,,publico,nenhuma,,,,,Capela Nosso Senhor do Bonfim,
Missa Solene de Nossa Senhora de Fátima,Festa / Celebração Especial,Igreja Matriz,13/05/2026,19:30,,,publico,nenhuma,,,,,Igreja Matriz,
Missa em Honra a São Matias,Festa / Celebração Especial,Capela Divino Espírito Santo,14/05/2026,19:30,,,publico,nenhuma,,,,,Capela Divino Espírito Santo,
Reunião Pastoral da Criança,Reunião,Igreja Matriz,14/05/2026,20:00,,,publico,nenhuma,,,,,Salão do Oras,
Acampamento Magnificat,Acampamento,Igreja Matriz,15/05/2026,,,,publico,nenhuma,,,,17/05/2026,Centro de Formação,
Missa e Entrega das Cestas Básicas,Retiro / Espiritualidade,Igreja Matriz,16/05/2026,14:00,,,publico,nenhuma,,,,,Igreja Matriz,
Missa de Encerramento do Magnificat,Acampamento,Igreja Matriz,17/05/2026,19:00,,,publico,nenhuma,,,,,Igreja Matriz,
Reunião Apostolado da Oração,Reunião,Igreja Matriz,18/05/2026,19:30,,,publico,nenhuma,,,,,Salão da Mariana,
Tríduo em Honra a Santa Rita de Cássia,Tríduo,Capela São Judas Tadeu,19/05/2026,19:30,,,publico,nenhuma,,,,,Capela São Judas Tadeu,Tríduo em Honra a Santa Rita de Cássia
Tríduo em Honra a Santa Rita de Cássia,Tríduo,Capela São Judas Tadeu,20/05/2026,19:30,,,publico,nenhuma,,,,,Capela São Judas Tadeu,Tríduo em Honra a Santa Rita de Cássia
Tríduo em Honra a Santa Rita de Cássia,Tríduo,Capela São Judas Tadeu,21/05/2026,19:30,,,publico,nenhuma,,,,,Capela São Judas Tadeu,Tríduo em Honra a Santa Rita de Cássia
Tríduo de Pentecostes,Tríduo,Capela Divino Espírito Santo,21/05/2026,19:30,,,publico,nenhuma,,,,,Capela Divino Espírito Santo,Tríduo de Pentecostes
Missa em Honra a Santa Rita de Cássia,Festa / Celebração Especial,Capela São Judas Tadeu,22/05/2026,19:30,,,publico,nenhuma,,,,,Capela São Judas Tadeu,
Tríduo de Pentecostes,Tríduo,Capela Divino Espírito Santo,22/05/2026,19:30,,,publico,nenhuma,,,,,Capela Divino Espírito Santo,Tríduo de Pentecostes
Tríduo de Pentecostes,Tríduo,Capela Divino Espírito Santo,23/05/2026,19:30,,,publico,nenhuma,,,,,Capela Divino Espírito Santo,Tríduo de Pentecostes
Retiro PAC,Acampamento,Igreja Matriz,23/05/2026,,,,publico,nenhuma,,,,24/05/2026,Centro de Formação,
Missa Mãe Rainha,Pastoral / Grupo de Oração,Igreja Matriz,23/05/2026,19:30,,,publico,nenhuma,,,,,Igreja Matriz,
Missa de Pentecostes,Festa / Celebração Especial,Capela Divino Espírito Santo,24/05/2026,08:00,,,publico,nenhuma,,,,,Capela Divino Espírito Santo,
Missa da Entrega do Pai Nosso – 1ª Eucaristia e Adultos,Catequese,Igreja Matriz,24/05/2026,10:00,,,publico,nenhuma,,,,,Igreja Matriz,
Missa de Encerramento do PAC,Acampamento,Igreja Matriz,24/05/2026,19:00,,,publico,nenhuma,,,,,Igreja Matriz,
Reunião Pós-Encontro ECC,Reunião,Igreja Matriz,25/05/2026,20:00,,,publico,nenhuma,,,,,Salão do Oras,
Reunião do Clero por Região Pastoral,Reunião,Igreja Matriz,26/05/2026,,,,publico,nenhuma,,,,,Igreja Matriz,
Encontro de Oração pelos Profissionais da Saúde,Retiro / Espiritualidade,Igreja Matriz,27/05/2026,08:00,,,publico,nenhuma,,,,,ESF Bonfim,
Acampamento Juvenil/Sênior,Acampamento,Igreja Matriz,03/06/2026,,,,publico,nenhuma,,,,07/06/2026,Centro de Formação,
Festa Junina do Acampamento de Casais,Evento Social,Igreja Matriz,05/06/2026,20:00,,,publico,nenhuma,,,,,Salão Paroquial,
3º Papo de Menina,Evento Social,Capela Nossa Senhora Aparecida,06/06/2026,,,,publico,nenhuma,,,,,Salão da Capela Nossa Senhora Aparecida,
Espiritualidade Apostolado da Oração,Retiro / Espiritualidade,Capela São Francisco de Assis,06/06/2026,13:00,,,publico,nenhuma,,,,,Capela São Francisco de Assis,
Missa Rito de Libertação – 2º Ano Crisma,Catequese,Igreja Matriz,07/06/2026,10:00,,,publico,nenhuma,,,,,Igreja Matriz,
Missa de Encerramento do Acampamento Juvenil/Sênior,Acampamento,Igreja Matriz,07/06/2026,19:00,,,publico,nenhuma,,,,,Igreja Matriz,
Missa do Sagrado Coração de Jesus,Festa / Celebração Especial,Igreja Matriz,12/06/2026,19:30,,,publico,nenhuma,,,,,Igreja Matriz,
Reunião Conselho Formadores,Reunião,Igreja Matriz,12/06/2026,09:00,,,publico,nenhuma,,,,,Cúria Diocesana,
Reciclagem Pastoral da Acolhida,Curso / Formação,Capela Nossa Senhora Aparecida,13/06/2026,,,,publico,nenhuma,,,,,Salão da Capela Nossa Senhora Aparecida,
Missa de Aniversário do Padre Rafael,Festa / Celebração Especial,Igreja Matriz,14/06/2026,19:00,,,publico,nenhuma,,,,,Igreja Matriz,
Ofício da Imaculada Conceição,Pastoral / Grupo de Oração,Capela Nossa Senhora do Carmo,14/06/2026,20:00,,,publico,nenhuma,,,,,Capela Nossa Senhora do Carmo,
Reunião do Conselho Presbiteral,Reunião,Igreja Matriz,16/06/2026,09:00,,,publico,nenhuma,,,,,Cúria Diocesana,
Retiro dos Acólitos,Retiro / Espiritualidade,Igreja Matriz,20/06/2026,,,,publico,nenhuma,,,,21/06/2026,Centro de Formação,
Catequese para o Matrimônio,Catequese,Capela Nossa Senhora Aparecida,20/06/2026,13:00,,,publico,nenhuma,,,,,Salão da Capela Nossa Senhora Aparecida,
Missa e Entrega das Cestas Básicas,Retiro / Espiritualidade,Igreja Matriz,20/06/2026,14:00,,,publico,nenhuma,,,,,Igreja Matriz,
Missa Mãe Rainha,Pastoral / Grupo de Oração,Igreja Matriz,20/06/2026,19:30,,,publico,nenhuma,,,,,Igreja Matriz,
Missa de Encerramento do Retiro dos Acólitos,Retiro / Espiritualidade,Igreja Matriz,21/06/2026,19:00,,,publico,nenhuma,,,,,Igreja Matriz,
Reunião Geral do Clero,Reunião,Igreja Matriz,23/06/2026,09:00,,,publico,nenhuma,,,,,Cúria Diocesana,
Reunião do Conselho Econômico,Reunião,Igreja Matriz,23/06/2026,14:00,,,publico,nenhuma,,,,,Cúria Diocesana,
Reunião CPP,Reunião,Igreja Matriz,23/06/2026,20:00,,,publico,nenhuma,,,,,Igreja Matriz,
Missa da Natividade de São João Batista,Festa / Celebração Especial,Igreja Matriz,24/06/2026,19:30,,,publico,nenhuma,,,,,Igreja Matriz,
Missa e Festa Junina,Evento Social,Igreja Matriz,27/06/2026,19:30,,,publico,nenhuma,,,,,Centro de Formação,
Batizados,Festa / Celebração Especial,Igreja Matriz,28/06/2026,11:00,,,publico,nenhuma,,,,,Igreja Matriz,
Férias da Catequese Paroquial,Catequese,Igreja Matriz,29/06/2026,,,,publico,nenhuma,,,,,Igreja Matriz,
Hora Santa – Apostolado da Oração,Pastoral / Grupo de Oração,Capela Nosso Senhor do Bonfim,02/07/2026,19:30,,,publico,nenhuma,,,,,Capela Nosso Senhor do Bonfim,
Verso l'Alto! Fest (Vicentinos),Evento Social,Igreja Matriz,04/07/2026,,,,publico,nenhuma,,,,,Igreja Matriz,
Apostolado da Oração,Pastoral / Grupo de Oração,Igreja Matriz,06/07/2026,19:30,,,publico,nenhuma,,,,,Salão da Mariana,
Acampamento Vicentino,Acampamento,Igreja Matriz,10/07/2026,,,,publico,nenhuma,,,,12/07/2026,Centro de Formação,
Encontro Bom Pastor,Retiro / Espiritualidade,Capela Nossa Senhora Aparecida,11/07/2026,14:00,,,publico,nenhuma,,,,,Salão da Capela Nossa Senhora Aparecida,
Jantar dos Eternos Namorados,Evento Social,Igreja Matriz,11/07/2026,20:00,,,publico,nenhuma,,,,,Salão Paroquial,
Encontro Bom Pastor,Retiro / Espiritualidade,Capela Nossa Senhora Aparecida,12/07/2026,08:00,,,publico,nenhuma,,,,,Salão da Capela Nossa Senhora Aparecida,
Tríduo em Honra a Nossa Senhora do Carmo,Tríduo,Capela Nossa Senhora do Carmo,13/07/2026,19:30,,,publico,nenhuma,,,,,Capela Nossa Senhora do Carmo,Tríduo em Honra a Nossa Senhora do Carmo
Tríduo em Honra a Nossa Senhora do Carmo,Tríduo,Capela Nossa Senhora do Carmo,14/07/2026,19:30,,,publico,nenhuma,,,,,Capela Nossa Senhora do Carmo,Tríduo em Honra a Nossa Senhora do Carmo
Missa em Honra a São Camilo de Lélis,Festa / Celebração Especial,Igreja Matriz,14/07/2026,19:30,,,publico,nenhuma,,,,,Igreja Matriz,
Tríduo em Honra a Nossa Senhora do Carmo,Tríduo,Capela Nossa Senhora do Carmo,15/07/2026,19:30,,,publico,nenhuma,,,,,Capela Nossa Senhora do Carmo,Tríduo em Honra a Nossa Senhora do Carmo
Missa em Honra a Nossa Senhora do Carmo,Festa / Celebração Especial,Capela Nossa Senhora do Carmo,16/07/2026,19:30,,,publico,nenhuma,,,,,Capela Nossa Senhora do Carmo,
Retiro AEDM,Retiro / Espiritualidade,Igreja Matriz,18/07/2026,,,,publico,nenhuma,,,,19/07/2026,Centro de Formação,
Missa e Entrega das Cestas Básicas,Retiro / Espiritualidade,Igreja Matriz,18/07/2026,14:00,,,publico,nenhuma,,,,,Igreja Matriz,
Missa Mãe Rainha e Capelinhas Jesus Misericordioso,Pastoral / Grupo de Oração,Igreja Matriz,18/07/2026,19:30,,,publico,nenhuma,,,,,Igreja Matriz,
Curso Benjamin,Curso / Formação,Capela Nossa Senhora Aparecida,19/07/2026,,,,publico,nenhuma,,,,,Salão da Capela Nossa Senhora Aparecida,
Missa das Crianças com Bênção dos Carros,Festa / Celebração Especial,Igreja Matriz,19/07/2026,10:00,,,publico,nenhuma,,,,,Igreja Matriz,
4ª Festa de São Cristóvão,Evento Social,Igreja Matriz,19/07/2026,,,,publico,nenhuma,,,,,Salão Paroquial,
Missa de Santa Maria Madalena,Festa / Celebração Especial,Igreja Matriz,22/07/2026,19:30,,,publico,nenhuma,,,,,Igreja Matriz,
Acampamento de Famílias,Acampamento,Igreja Matriz,24/07/2026,,,,publico,nenhuma,,,,26/07/2026,Centro de Formação,
Espiritualidade com Catequistas,Retiro / Espiritualidade,Capela Nossa Senhora Aparecida,25/07/2026,,,,publico,nenhuma,,,,,Salão da Capela Nossa Senhora Aparecida,
Missa com Bênção dos Avós,Festa / Celebração Especial,Capela Nossa Senhora Aparecida,25/07/2026,18:00,,,publico,nenhuma,,,,,Capela Nossa Senhora Aparecida,
Missa com Bênção dos Avós,Festa / Celebração Especial,Igreja Matriz,25/07/2026,19:30,,,publico,nenhuma,,,,,Igreja Matriz,
Missa com Bênção dos Avós,Festa / Celebração Especial,Capela Santa Edwiges,26/07/2026,17:00,,,publico,nenhuma,,,,,Capela Santa Edwiges,
Batizados,Festa / Celebração Especial,Igreja Matriz,26/07/2026,11:00,,,publico,nenhuma,,,,,Igreja Matriz,
"Missa dos Santos Marta, Maria e Lázaro",Festa / Celebração Especial,Igreja Matriz,29/07/2026,19:30,,,publico,nenhuma,,,,,Igreja Matriz,
Acampamento Santo Antônio,Acampamento,Igreja Matriz,31/07/2026,,,,publico,nenhuma,,,,02/08/2026,Centro de Formação,
Missa do Dia do Padre,Festa / Celebração Especial,Igreja Matriz,02/08/2026,19:00,,,publico,nenhuma,,,,,Igreja Matriz,
Retorno da Catequese Paroquial,Catequese,Igreja Matriz,03/08/2026,,,,publico,nenhuma,,,,,Igreja Matriz,
Apostolado da Oração,Pastoral / Grupo de Oração,Igreja Matriz,03/08/2026,19:30,,,publico,nenhuma,,,,,Salão da Mariana,
Tríduo em Honra a Nossa Senhora do Bonfim,Tríduo,Capela Nosso Senhor do Bonfim,03/08/2026,19:30,,,publico,nenhuma,,,,,Capela Nosso Senhor do Bonfim,Tríduo em Honra a Nossa Senhora do Bonfim
Tríduo em Honra a Nossa Senhora do Bonfim,Tríduo,Capela Nosso Senhor do Bonfim,04/08/2026,19:30,,,publico,nenhuma,,,,,Capela Nosso Senhor do Bonfim,Tríduo em Honra a Nossa Senhora do Bonfim
Tríduo em Honra a Nossa Senhora do Bonfim,Tríduo,Capela Nosso Senhor do Bonfim,05/08/2026,19:30,,,publico,nenhuma,,,,,Capela Nosso Senhor do Bonfim,Tríduo em Honra a Nossa Senhora do Bonfim
Missa em Honra a Nosso Senhor do Bonfim,Festa / Celebração Especial,Capela Nosso Senhor do Bonfim,06/08/2026,19:30,,,publico,nenhuma,,,,,Capela Nosso Senhor do Bonfim,
Reunião Conselho Formadores,Reunião,Igreja Matriz,07/08/2026,09:00,,,publico,nenhuma,,,,,Cúria Diocesana,
Reunião do Acampamento de Casais,Reunião,Igreja Matriz,07/08/2026,20:00,,,publico,nenhuma,,,,,Salão Paroquial,
Missa com Bênção dos Pais,Festa / Celebração Especial,Igreja Matriz,09/08/2026,19:00,,,publico,nenhuma,,,,,Igreja Matriz,
Missa de Início do Cerco de Jericó,Retiro / Espiritualidade,Igreja Matriz,09/08/2026,19:00,,,publico,nenhuma,,,,,Igreja Matriz,Cerco de Jericó
Missa do 2º Dia do Cerco de Jericó,Retiro / Espiritualidade,Igreja Matriz,10/08/2026,19:30,,,publico,nenhuma,,,,,Igreja Matriz,Cerco de Jericó
Missa do 3º Dia do Cerco de Jericó,Retiro / Espiritualidade,Igreja Matriz,11/08/2026,19:30,,,publico,nenhuma,,,,,Igreja Matriz,Cerco de Jericó
Missa do 4º Dia do Cerco de Jericó,Retiro / Espiritualidade,Igreja Matriz,12/08/2026,19:30,,,publico,nenhuma,,,,,Igreja Matriz,Cerco de Jericó
Missa do 5º Dia do Cerco de Jericó,Retiro / Espiritualidade,Igreja Matriz,13/08/2026,19:30,,,publico,nenhuma,,,,,Igreja Matriz,Cerco de Jericó
Missa do 6º Dia do Cerco de Jericó,Retiro / Espiritualidade,Igreja Matriz,14/08/2026,19:30,,,publico,nenhuma,,,,,Igreja Matriz,Cerco de Jericó
Missa do 7º Dia do Cerco de Jericó,Retiro / Espiritualidade,Igreja Matriz,15/08/2026,19:30,,,publico,nenhuma,,,,,Igreja Matriz,Cerco de Jericó
Missa de Encerramento do Cerco de Jericó,Retiro / Espiritualidade,Igreja Matriz,16/08/2026,19:00,,,publico,nenhuma,,,,,Igreja Matriz,Cerco de Jericó
Ofício da Imaculada Conceição,Pastoral / Grupo de Oração,Igreja Matriz,14/08/2026,09:00,,,publico,nenhuma,,,,,Centro de Saúde,
Missa e Entrega das Cestas Básicas,Retiro / Espiritualidade,Igreja Matriz,15/08/2026,14:00,,,publico,nenhuma,,,,,Salão Paroquial,
Missa da Assunção de Nossa Senhora,Festa / Celebração Especial,Igreja Matriz,15/08/2026,19:30,,,publico,nenhuma,,,,,Igreja Matriz,
Missa do Dia dos Leigos,Festa / Celebração Especial,Igreja Matriz,16/08/2026,19:00,,,publico,nenhuma,,,,,Igreja Matriz,
Encontro Rosas e Fé,Pastoral / Grupo de Oração,Capela Nossa Senhora do Carmo,17/08/2026,19:30,,,publico,nenhuma,,,,,Capela Nossa Senhora do Carmo,
Curso Moisés,Curso / Formação,Igreja Matriz,22/08/2026,,,,publico,nenhuma,,,,23/08/2026,Centro de Formação,
Casamento Comunitário,Festa / Celebração Especial,Igreja Matriz,22/08/2026,10:00,,,publico,nenhuma,,,,,Igreja Matriz,
Missa Mãe Rainha,Pastoral / Grupo de Oração,Igreja Matriz,22/08/2026,19:30,,,publico,nenhuma,,,,,Igreja Matriz,
Missa da Entrega do Creio – Adultos e 2º Ano Eucaristia,Catequese,Igreja Matriz,23/08/2026,10:00,,,publico,nenhuma,,,,,Igreja Matriz,
Reunião Geral do Clero,Reunião,Igreja Matriz,25/08/2026,09:00,,,publico,nenhuma,,,,,Cúria Diocesana,
Reunião CPP,Reunião,Igreja Matriz,25/08/2026,20:00,,,publico,nenhuma,,,,,Igreja Matriz,
Acampamento Sobriedade,Acampamento,Igreja Matriz,28/08/2026,,,,publico,nenhuma,,,,30/08/2026,Centro de Formação,
Missa do Dia do Catequista,Festa / Celebração Especial,Igreja Matriz,30/08/2026,10:00,,,publico,nenhuma,,,,,Igreja Matriz,
Batizados,Festa / Celebração Especial,Igreja Matriz,30/08/2026,11:00,,,publico,nenhuma,,,,,Igreja Matriz,
Luau Tetelestai (Vicentinos),Evento Social,Igreja Matriz,06/09/2026,,,,publico,nenhuma,,,,,Igreja Matriz,
Santa Missa (Capela Santa Edwiges substituída),Missa,Igreja Matriz,06/09/2026,17:00,,,publico,nenhuma,,,,,Igreja Matriz,
Reunião do Conselho Presbiteral,Reunião,Igreja Matriz,08/09/2026,09:00,,,publico,nenhuma,,,,,Cúria Diocesana,
Terço Luminoso do Terço dos Homens,Caminhada / Procissão,Igreja Matriz,08/09/2026,19:00,,,publico,nenhuma,,,,,Centro Histórico,
Procissão Luminosa do Terço dos Homens,Caminhada / Procissão,Igreja Matriz,08/09/2026,19:45,,,publico,nenhuma,,,,,Até a Igreja Matriz,
Missa da Natividade de Nossa Senhora,Festa / Celebração Especial,Igreja Matriz,08/09/2026,20:00,,,publico,nenhuma,,,,,Igreja Matriz,
Encontro de Casais com Cristo,Curso / Formação,Igreja Matriz,11/09/2026,,,,publico,nenhuma,,,,13/09/2026,Salão Paroquial,
Missa da Entrega das Leis de Deus (Mandamentos) – 1ª Eucaristia,Catequese,Igreja Matriz,13/09/2026,10:00,,,publico,nenhuma,,,,,Igreja Matriz,
Missa da Exaltação da Santa Cruz,Festa / Celebração Especial,Igreja Matriz,14/09/2026,19:30,,,publico,nenhuma,,,,,Igreja Matriz,
Missa de Nossa Senhora das Dores,Festa / Celebração Especial,Igreja Matriz,15/09/2026,19:30,,,publico,nenhuma,,,,,Igreja Matriz,
Jesus é Joia,Acampamento,Igreja Matriz,19/09/2026,,,,publico,nenhuma,,,,20/09/2026,Centro de Formação,
Retiro de Santa Teresinha,Retiro / Espiritualidade,Capela Nossa Senhora Aparecida,19/09/2026,,,,publico,nenhuma,,,,20/09/2026,Salão da Capela Nossa Senhora Aparecida,
Missa e Entrega das Cestas Básicas,Retiro / Espiritualidade,Igreja Matriz,19/09/2026,14:00,,,publico,nenhuma,,,,,Igreja Matriz,
Missa Mãe Rainha,Pastoral / Grupo de Oração,Igreja Matriz,19/09/2026,19:30,,,publico,nenhuma,,,,,Igreja Matriz,
Reunião do Conselho Econômico,Reunião,Igreja Matriz,22/09/2026,09:00,,,publico,nenhuma,,,,,Cúria Diocesana,
Missa de São Padre Pio,Festa / Celebração Especial,Igreja Matriz,23/09/2026,19:30,,,publico,nenhuma,,,,,Igreja Matriz,
Acampamento Santo Antônio,Acampamento,Igreja Matriz,25/09/2026,,,,publico,nenhuma,,,,27/09/2026,Centro de Formação,
Catequese para o Matrimônio,Catequese,Capela Nossa Senhora Aparecida,26/09/2026,13:00,,,publico,nenhuma,,,,,Salão da Capela Nossa Senhora Aparecida,
Missa Rito da Purificação – 2º Ano Crisma,Catequese,Igreja Matriz,27/09/2026,10:00,,,publico,nenhuma,,,,,Igreja Matriz,
Batizados,Festa / Celebração Especial,Igreja Matriz,27/09/2026,11:00,,,publico,nenhuma,,,,,Igreja Matriz,
Novena de Santa Faustina,Novena,Igreja Matriz,27/09/2026,18:30,,,publico,nenhuma,,,,,Igreja Matriz,Novena de Santa Faustina
Novena de Santa Faustina,Novena,Igreja Matriz,28/09/2026,18:30,,,publico,nenhuma,,,,,Igreja Matriz,Novena de Santa Faustina
Novena de Santa Faustina,Novena,Igreja Matriz,30/09/2026,18:30,,,publico,nenhuma,,,,,Igreja Matriz,Novena de Santa Faustina
Reunião do Clero por Região Pastoral,Reunião,Igreja Matriz,29/09/2026,,,,publico,nenhuma,,,,,Igreja Matriz,
Missa em Honra a São Miguel Arcanjo e Páscoa dos Militares,Festa / Celebração Especial,Igreja Matriz,29/09/2026,19:30,,,publico,nenhuma,,,,,Igreja Matriz,
Novena de Santa Faustina,Novena,Igreja Matriz,01/10/2026,18:30,,,publico,nenhuma,,,,,Igreja Matriz,Novena de Santa Faustina
Novena de Santa Faustina,Novena,Igreja Matriz,02/10/2026,18:30,,,publico,nenhuma,,,,,Igreja Matriz,Novena de Santa Faustina
Novena de Santa Faustina,Novena,Igreja Matriz,03/10/2026,18:30,,,publico,nenhuma,,,,,Igreja Matriz,Novena de Santa Faustina
Tríduo em Honra a São Francisco de Assis,Tríduo,Capela São Francisco de Assis,01/10/2026,19:30,,,publico,nenhuma,,,,,Capela São Francisco de Assis,Tríduo em Honra a São Francisco de Assis
Tríduo em Honra a São Francisco de Assis,Tríduo,Capela São Francisco de Assis,02/10/2026,19:30,,,publico,nenhuma,,,,,Capela São Francisco de Assis,Tríduo em Honra a São Francisco de Assis
Tríduo em Honra a São Francisco de Assis,Tríduo,Capela São Francisco de Assis,03/10/2026,19:30,,,publico,nenhuma,,,,,Capela São Francisco de Assis,Tríduo em Honra a São Francisco de Assis
Missa da Peregrinação da Imagem de Nossa Senhora Aparecida,Caminhada / Procissão,Capela Divino Espírito Santo,01/10/2026,19:30,,,publico,nenhuma,,,,,Capela Divino Espírito Santo,Peregrinação da Imagem
Missa da Peregrinação da Imagem de Nossa Senhora Aparecida,Caminhada / Procissão,Capela Santo Expedito,02/10/2026,19:30,,,publico,nenhuma,,,,,Capela Santo Expedito,Peregrinação da Imagem
Missa da Peregrinação da Imagem de Nossa Senhora Aparecida,Caminhada / Procissão,Capela Santa Edwiges,03/10/2026,19:30,,,publico,nenhuma,,,,,Capela Santa Edwiges,Peregrinação da Imagem
Missa da Peregrinação da Imagem de Nossa Senhora Aparecida,Caminhada / Procissão,Capela Nosso Senhor do Bonfim,04/10/2026,19:30,,,publico,nenhuma,,,,,Capela Nosso Senhor do Bonfim,Peregrinação da Imagem
Missa com Bênção dos Animais,Festa / Celebração Especial,Igreja Matriz,04/10/2026,10:00,,,publico,nenhuma,,,,,Igreja Matriz,
Missa em Honra a São Francisco de Assis,Festa / Celebração Especial,Capela São Francisco de Assis,04/10/2026,19:30,,,publico,nenhuma,,,,,Capela São Francisco de Assis,
Missa da Peregrinação da Imagem e 95 Anos de Criação da Paróquia,Festa / Celebração Especial,Capela Santa Luzia,05/10/2026,19:30,,,publico,nenhuma,,,,,Capela Santa Luzia,Peregrinação da Imagem
Missa da Peregrinação da Imagem de Nossa Senhora Aparecida,Caminhada / Procissão,Capela Nossa Senhora do Carmo,05/10/2026,19:30,,,publico,nenhuma,,,,,Capela Nossa Senhora do Carmo,Peregrinação da Imagem
Missa da Peregrinação da Imagem de Nossa Senhora Aparecida,Caminhada / Procissão,Capela São Judas Tadeu,07/10/2026,19:30,,,publico,nenhuma,,,,,Capela São Judas Tadeu,Peregrinação da Imagem
Missa da Peregrinação da Imagem de Nossa Senhora Aparecida,Caminhada / Procissão,Capela São Francisco de Assis,08/10/2026,19:30,,,publico,nenhuma,,,,,Capela São Francisco de Assis,Peregrinação da Imagem
Missa da Peregrinação da Imagem de Nossa Senhora Aparecida,Caminhada / Procissão,Capela Nossa Senhora Desatadora dos Nós,09/10/2026,19:30,,,publico,nenhuma,,,,,Capela Nossa Senhora Desatadora dos Nós,Peregrinação da Imagem
Missa da Peregrinação da Imagem de Nossa Senhora Aparecida,Caminhada / Procissão,Capela Jesus da Divina Misericórdia,10/10/2026,19:30,,,publico,nenhuma,,,,,Capela Jesus da Divina Misericórdia,Peregrinação da Imagem
Missa da Peregrinação da Imagem de Nossa Senhora Aparecida,Caminhada / Procissão,Igreja Matriz,11/10/2026,19:00,,,publico,nenhuma,,,,,Igreja Matriz,Peregrinação da Imagem
Tríduo em Honra a Nossa Senhora Aparecida,Tríduo,Capela Nossa Senhora Aparecida,08/10/2026,19:30,,,publico,nenhuma,,,,,Capela Nossa Senhora Aparecida,Tríduo em Honra a Nossa Senhora Aparecida
Tríduo em Honra a Nossa Senhora Aparecida,Tríduo,Capela Nossa Senhora Aparecida,09/10/2026,19:30,,,publico,nenhuma,,,,,Capela Nossa Senhora Aparecida,Tríduo em Honra a Nossa Senhora Aparecida
Reunião Pastoral da Criança,Reunião,Igreja Matriz,08/10/2026,20:00,,,publico,nenhuma,,,,,Oras,
Acampamento de Casais,Acampamento,Igreja Matriz,10/10/2026,,,,publico,nenhuma,,,,12/10/2026,Centro de Formação,
Carreata de Nossa Senhora Aparecida,Caminhada / Procissão,Igreja Matriz,12/10/2026,09:30,,,publico,nenhuma,,,,,Igreja Matriz,
Missa em Honra a Nossa Senhora Aparecida,Festa / Celebração Especial,Capela Nossa Senhora Aparecida,12/10/2026,10:00,,,publico,nenhuma,,,,,Capela Nossa Senhora Aparecida,
Missa de Encerramento do Acampamento de Casais,Acampamento,Igreja Matriz,12/10/2026,19:30,,,publico,nenhuma,,,,,Igreja Matriz,
Tríduo em Honra a Santa Edwiges,Tríduo,Capela Santa Edwiges,12/10/2026,19:30,,,publico,nenhuma,,,,,Capela Santa Edwiges,Tríduo em Honra a Santa Edwiges
Tríduo em Honra a Santa Edwiges,Tríduo,Capela Santa Edwiges,14/10/2026,19:30,,,publico,nenhuma,,,,,Capela Santa Edwiges,Tríduo em Honra a Santa Edwiges
Tríduo em Honra a Santa Edwiges,Tríduo,Capela Santa Edwiges,15/10/2026,19:30,,,publico,nenhuma,,,,,Capela Santa Edwiges,Tríduo em Honra a Santa Edwiges
Missa em Honra a Santa Edwiges,Festa / Celebração Especial,Capela Santa Edwiges,16/10/2026,19:30,,,publico,nenhuma,,,,,Capela Santa Edwiges,
Curso Jesus nos 4 Evangelhos,Curso / Formação,Capela Nossa Senhora Aparecida,16/10/2026,,,,publico,nenhuma,,,,18/10/2026,Salão da Capela Nossa Senhora Aparecida,
Acampamento CES,Acampamento,Igreja Matriz,16/10/2026,,,,publico,nenhuma,,,,18/10/2026,Centro de Formação,
Missa e Entrega das Cestas Básicas,Retiro / Espiritualidade,Igreja Matriz,17/10/2026,14:00,,,publico,nenhuma,,,,,Igreja Matriz,
Missa dos 112 Anos da Aliança de Amor – Coroação Mãe Rainha,Festa / Celebração Especial,Igreja Matriz,18/10/2026,19:00,,,publico,nenhuma,,,,,Igreja Matriz,
Rosário do Apostolado da Oração,Pastoral / Grupo de Oração,Capela Nossa Senhora Aparecida,21/10/2026,19:30,,,publico,nenhuma,,,,,Capela Nossa Senhora Aparecida,
Missa em Honra a São João Paulo II,Festa / Celebração Especial,Igreja Matriz,22/10/2026,19:30,,,publico,nenhuma,,,,,Igreja Matriz,
Revoada da Divina Misericórdia,Retiro / Espiritualidade,Igreja Matriz,23/10/2026,,,,publico,nenhuma,,,,,Igreja Matriz,
Missa da Entrega da Cruz – 1º Ano Crisma,Catequese,Igreja Matriz,25/10/2026,10:00,,,publico,nenhuma,,,,,Igreja Matriz,
Batizados,Festa / Celebração Especial,Igreja Matriz,25/10/2026,11:00,,,publico,nenhuma,,,,,Igreja Matriz,
Tríduo em Honra a São Judas Tadeu,Tríduo,Capela São Judas Tadeu,25/10/2026,19:30,,,publico,nenhuma,,,,,Capela São Judas Tadeu,Tríduo em Honra a São Judas Tadeu
Tríduo em Honra a São Judas Tadeu,Tríduo,Capela São Judas Tadeu,27/10/2026,19:30,,,publico,nenhuma,,,,,Capela São Judas Tadeu,Tríduo em Honra a São Judas Tadeu
Celebração e Café Comunitário,Evento Social,Capela São Judas Tadeu,27/10/2026,06:00,,,publico,nenhuma,,,,,Capela São Judas Tadeu,
Missa em Honra a São Judas Tadeu,Festa / Celebração Especial,Capela São Judas Tadeu,28/10/2026,19:30,,,publico,nenhuma,,,,,Capela São Judas Tadeu,
Espiritualidade Pastoral da Criança,Retiro / Espiritualidade,Igreja Matriz,29/10/2026,20:00,,,publico,nenhuma,,,,,Salão do Oras,
Acampamento FAC,Acampamento,Igreja Matriz,30/10/2026,,,,publico,nenhuma,,,,02/11/2026,Centro de Formação,
Terço,Pastoral / Grupo de Oração,Igreja Matriz,01/11/2026,00:00,,,publico,nenhuma,,,,,Cemitério Municipal,
Missa dos Fiéis Defuntos,Festa / Celebração Especial,Igreja Matriz,02/11/2026,08:00,,,publico,nenhuma,,,,,Cemitério Municipal,
Missa dos Fiéis Defuntos e Encerramento do FAC,Festa / Celebração Especial,Igreja Matriz,02/11/2026,19:30,,,publico,nenhuma,,,,,Igreja Matriz,
Acampamento Santo Antônio,Acampamento,Igreja Matriz,07/11/2026,,,,publico,nenhuma,,,,08/11/2026,Centro de Formação,
Missa de Renovação das Promessas Batismais – 1º Ano Eucaristia,Catequese,Igreja Matriz,08/11/2026,10:00,,,publico,nenhuma,,,,,Igreja Matriz,
Café com Rosas,Evento Social,Capela Nossa Senhora Aparecida,14/11/2026,14:00,,,publico,nenhuma,,,,,Salão da Capela Nossa Senhora Aparecida,
4ª Confra da Fátima,Evento Social,Igreja Matriz,14/11/2026,,,,publico,nenhuma,,,,,Centro de Formação,
Missa da 1ª Eucaristia (Adultos),Catequese,Igreja Matriz,15/11/2026,19:00,,,publico,nenhuma,,,,,Igreja Matriz,
Ofício das Almas,Pastoral / Grupo de Oração,Igreja Matriz,20/11/2026,15:00,,,publico,nenhuma,,,,,Capela do Cemitério,
Acampamento Mirim,Acampamento,Igreja Matriz,20/11/2026,,,,publico,nenhuma,,,,22/11/2026,Centro de Formação,
Missa e Entrega das Cestas Básicas,Retiro / Espiritualidade,Igreja Matriz,21/11/2026,14:00,,,publico,nenhuma,,,,,Igreja Matriz,
Missa Mãe Rainha,Pastoral / Grupo de Oração,Igreja Matriz,21/11/2026,19:30,,,publico,nenhuma,,,,,Igreja Matriz,
Missa Rito da Iluminação – 2º Ano Crisma,Catequese,Igreja Matriz,22/11/2026,10:00,,,publico,nenhuma,,,,,Igreja Matriz,
Missa da 1ª Eucaristia,Catequese,Igreja Matriz,22/11/2026,19:00,,,publico,nenhuma,,,,,Igreja Matriz,
Reunião do Clero por Região Pastoral,Reunião,Igreja Matriz,23/11/2026,,,,publico,nenhuma,,,,,Igreja Matriz,
Missa em Honra a Nossa Senhora das Graças,Festa / Celebração Especial,Igreja Matriz,27/11/2026,19:30,,,publico,nenhuma,,,,,Igreja Matriz,
Espiritualidade Mães Orantes e outros,Retiro / Espiritualidade,Capela Nossa Senhora Aparecida,27/11/2026,14:00,,,publico,nenhuma,,,,,Salão da Capela Nossa Senhora Aparecida,
Missa de Encerramento da Catequese com Pe. Rafael,Catequese,Igreja Matriz,28/11/2026,19:30,,,publico,nenhuma,,,,,Igreja Matriz,
Batizados,Festa / Celebração Especial,Igreja Matriz,29/11/2026,11:00,,,publico,nenhuma,,,,,Igreja Matriz,
Confra do Acampamento de Casais,Evento Social,Igreja Matriz,05/12/2026,20:00,,,publico,nenhuma,,,,,Salão Paroquial,
Caminhada do Agradecimento e da Solidariedade,Caminhada / Procissão,Igreja Matriz,06/12/2026,05:00,,,publico,nenhuma,,,,,Trevo Cristo Misericordioso,
Ofício da Imaculada Conceição,Pastoral / Grupo de Oração,Igreja Matriz,08/12/2026,09:00,,,publico,nenhuma,,,,,Capela Santa Casa,
Missa da Imaculada Conceição de Maria,Festa / Celebração Especial,Igreja Matriz,08/12/2026,19:30,,,publico,nenhuma,,,,,Igreja Matriz,
Tríduo em Honra a Santa Luzia,Tríduo,Capela Santa Luzia,10/12/2026,19:30,,,publico,nenhuma,,,,,Capela Santa Luzia,Tríduo em Honra a Santa Luzia
Tríduo em Honra a Santa Luzia,Tríduo,Capela Santa Luzia,11/12/2026,19:30,,,publico,nenhuma,,,,,Capela Santa Luzia,Tríduo em Honra a Santa Luzia
Tríduo em Honra a Santa Luzia,Tríduo,Capela Santa Luzia,12/12/2026,19:30,,,publico,nenhuma,,,,,Capela Santa Luzia,Tríduo em Honra a Santa Luzia
Reunião Pastoral da Criança,Reunião,Igreja Matriz,10/12/2026,20:00,,,publico,nenhuma,,,,,Oras,
Missa de Crisma,Catequese,Igreja Matriz,13/12/2026,19:00,,,publico,nenhuma,,,,,Igreja Matriz,
Reunião do Conselho Econômico,Reunião,Igreja Matriz,15/12/2026,09:00,,,publico,nenhuma,,,,,Cúria Diocesana,
Confraternização dos Catequistas,Evento Social,Igreja Matriz,16/12/2026,,,,publico,nenhuma,,,,,Salão Paroquial,
Missa e Entrega das Cestas Básicas de Natal,Retiro / Espiritualidade,Igreja Matriz,19/12/2026,14:00,,,publico,nenhuma,,,,,Salão Paroquial,
Missa Mãe Rainha,Pastoral / Grupo de Oração,Igreja Matriz,19/12/2026,19:30,,,publico,nenhuma,,,,,Igreja Matriz,
Reunião CPP,Reunião,Igreja Matriz,22/12/2026,20:00,,,publico,nenhuma,,,,,Igreja Matriz,
Missa do Galo,Festa / Celebração Especial,Igreja Matriz,24/12/2026,19:30,,,publico,nenhuma,,,,,Igreja Matriz,
Missa da Aurora de Natal,Festa / Celebração Especial,Igreja Matriz,25/12/2026,06:00,,,publico,nenhuma,,,,,Igreja Matriz,
Missa de Natal,Festa / Celebração Especial,Igreja Matriz,25/12/2026,19:30,,,publico,nenhuma,,,,,Igreja Matriz,
Batizados,Festa / Celebração Especial,Igreja Matriz,27/12/2026,11:00,,,publico,nenhuma,,,,,Igreja Matriz,
Adoração Eucarística,Retiro / Espiritualidade,Igreja Matriz,31/12/2026,07:00,,A partir das 7h.,publico,nenhuma,,,,,Igreja Matriz,
Bênção com o Santíssimo Sacramento,Festa / Celebração Especial,Igreja Matriz,31/12/2026,19:00,,,publico,nenhuma,,,,,Igreja Matriz,
Missa de Ano Novo,Festa / Celebração Especial,Igreja Matriz,31/12/2026,19:30,,,publico,nenhuma,,,,,Igreja Matriz,
Batizados,Festa / Celebração Especial,Igreja Matriz,29/03/2026,11:00,,,publico,nenhuma,,,,,Igreja Matriz,
Batizados,Festa / Celebração Especial,Igreja Matriz,22/04/2026,11:00,,,publico,nenhuma,,,,,Igreja Matriz,
Batizados,Festa / Celebração Especial,Igreja Matriz,31/05/2026,11:00,,,publico,nenhuma,,,,,Igreja Matriz,
Catequese para o Batismo,Catequese,Capela Nossa Senhora do Carmo,07/02/2026,18:00,,Das 18h às 21h. Inscrição antecipada na Secretaria Paroquial.,publico,nenhuma,,,,,Capela Nossa Senhora do Carmo,
Catequese para o Batismo,Catequese,Capela Nossa Senhora do Carmo,07/03/2026,18:00,,Das 18h às 21h. Inscrição antecipada na Secretaria Paroquial.,publico,nenhuma,,,,,Capela Nossa Senhora do Carmo,
Catequese para o Batismo,Catequese,Capela Nossa Senhora do Carmo,11/04/2026,18:00,,Das 18h às 21h. Inscrição antecipada na Secretaria Paroquial.,publico,nenhuma,,,,,Capela Nossa Senhora do Carmo,
Catequese para o Batismo,Catequese,Capela Nossa Senhora do Carmo,02/05/2026,18:00,,Das 18h às 21h. Inscrição antecipada na Secretaria Paroquial.,publico,nenhuma,,,,,Capela Nossa Senhora do Carmo,
Catequese para o Batismo,Catequese,Capela Nossa Senhora do Carmo,06/06/2026,18:00,,Das 18h às 21h. Inscrição antecipada na Secretaria Paroquial.,publico,nenhuma,,,,,Capela Nossa Senhora do Carmo,
Catequese para o Batismo,Catequese,Capela Nossa Senhora do Carmo,04/07/2026,18:00,,Das 18h às 21h. Inscrição antecipada na Secretaria Paroquial.,publico,nenhuma,,,,,Capela Nossa Senhora do Carmo,
Catequese para o Batismo,Catequese,Capela Nossa Senhora do Carmo,01/08/2026,18:00,,Das 18h às 21h. Inscrição antecipada na Secretaria Paroquial.,publico,nenhuma,,,,,Capela Nossa Senhora do Carmo,
Catequese para o Batismo,Catequese,Capela Nossa Senhora do Carmo,05/09/2026,18:00,,Das 18h às 21h. Inscrição antecipada na Secretaria Paroquial.,publico,nenhuma,,,,,Capela Nossa Senhora do Carmo,
Catequese para o Batismo,Catequese,Capela Nossa Senhora do Carmo,03/10/2026,18:00,,Das 18h às 21h. Inscrição antecipada na Secretaria Paroquial.,publico,nenhuma,,,,,Capela Nossa Senhora do Carmo,
Catequese para o Batismo,Catequese,Capela Nossa Senhora do Carmo,07/11/2026,18:00,,Das 18h às 21h. Inscrição antecipada na Secretaria Paroquial.,publico,nenhuma,,,,,Capela Nossa Senhora do Carmo,
Catequese para o Batismo,Catequese,Capela Nossa Senhora do Carmo,05/12/2026,18:00,,Das 18h às 21h. Inscrição antecipada na Secretaria Paroquial.,publico,nenhuma,,,,,Capela Nossa Senhora do Carmo,
Missa de Corpus Christi,Festa / Celebração Especial,Igreja Matriz,04/06/2026,08:00,,,publico,nenhuma,,,,,Igreja Matriz,
Missa Penitencial,Missa,Igreja Matriz,28/02/2026,03:00,,,publico,nenhuma,,,,,Igreja Matriz,
Missa Mãe Rainha,Pastoral / Grupo de Oração,Igreja Matriz,18/01/2026,19:00,,,publico,nenhuma,,,,,Igreja Matriz,
Espiritualidade Pastoral da Criança,Retiro / Espiritualidade,Igreja Matriz,26/02/2026,20:00,,,publico,nenhuma,,,,,Salão do Oras,
Missa do Sagrado Coração de Jesus,Festa / Celebração Especial,Capela Santo Expedito,06/02/2026,19:30,,,publico,nenhuma,,,,,Capela Santo Expedito,
Missa do Sagrado Coração de Jesus,Festa / Celebração Especial,Capela Santo Expedito,06/03/2026,19:30,,,publico,nenhuma,,,,,Capela Santo Expedito,
Missa do Sagrado Coração de Jesus,Festa / Celebração Especial,Capela Santo Expedito,05/06/2026,19:30,,,publico,nenhuma,,,,,Capela Santo Expedito,
Missa do Sagrado Coração de Jesus,Festa / Celebração Especial,Capela Santo Expedito,03/07/2026,19:30,,,publico,nenhuma,,,,,Capela Santo Expedito,
Missa do Sagrado Coração de Jesus,Festa / Celebração Especial,Capela Santo Expedito,07/08/2026,19:30,,,publico,nenhuma,,,,,Capela Santo Expedito,
Missa do Sagrado Coração de Jesus,Festa / Celebração Especial,Capela Santo Expedito,04/09/2026,19:30,,,publico,nenhuma,,,,,Capela Santo Expedito,
Missa do Sagrado Coração de Jesus,Festa / Celebração Especial,Capela Santo Expedito,06/11/2026,19:30,,,publico,nenhuma,,,,,Capela Santo Expedito,
Missa do Sagrado Coração de Jesus,Festa / Celebração Especial,Capela Santo Expedito,04/12/2026,19:30,,,publico,nenhuma,,,,,Capela Santo Expedito,
Espiritualidade do Acampamento de Casais,Retiro / Espiritualidade,Igreja Matriz,06/02/2026,20:00,,,publico,nenhuma,,,,,Salão Paroquial,
Espiritualidade do Acampamento de Casais,Retiro / Espiritualidade,Igreja Matriz,06/03/2026,20:00,,,publico,nenhuma,,,,,Salão Paroquial,
Espiritualidade do Acampamento de Casais,Retiro / Espiritualidade,Igreja Matriz,20/03/2026,20:00,,,publico,nenhuma,,,,,Salão Paroquial,
Espiritualidade do Acampamento de Casais,Retiro / Espiritualidade,Igreja Matriz,22/05/2026,20:00,,,publico,nenhuma,,,,,Salão Paroquial,
Espiritualidade do Acampamento de Casais,Retiro / Espiritualidade,Igreja Matriz,06/11/2026,20:00,,,publico,nenhuma,,,,,Salão Paroquial,
Terço Grupo Bom Pastor,Pastoral / Grupo de Oração,Capela Divino Espírito Santo,19/02/2026,20:00,,,publico,nenhuma,,,,,Capela Divino Espírito Santo,
Espiritualidade Grupo Bom Pastor,Pastoral / Grupo de Oração,Capela Divino Espírito Santo,19/03/2026,20:00,,,publico,nenhuma,,,,,Capela Divino Espírito Santo,
Espiritualidade Grupo Bom Pastor,Pastoral / Grupo de Oração,Capela Divino Espírito Santo,16/04/2026,20:00,,,publico,nenhuma,,,,,Capela Divino Espírito Santo,
Espiritualidade Grupo Bom Pastor,Pastoral / Grupo de Oração,Capela Divino Espírito Santo,14/05/2026,20:00,,,publico,nenhuma,,,,,Capela Divino Espírito Santo,
Espiritualidade Grupo Bom Pastor,Pastoral / Grupo de Oração,Capela Divino Espírito Santo,21/05/2026,20:00,,,publico,nenhuma,,,,,Capela Divino Espírito Santo,
Espiritualidade Grupo Bom Pastor,Pastoral / Grupo de Oração,Capela Divino Espírito Santo,18/06/2026,20:00,,,publico,nenhuma,,,,,Capela Divino Espírito Santo,
Espiritualidade Grupo Bom Pastor,Pastoral / Grupo de Oração,Capela Divino Espírito Santo,16/07/2026,20:00,,,publico,nenhuma,,,,,Capela Divino Espírito Santo,
Espiritualidade Grupo Bom Pastor,Pastoral / Grupo de Oração,Capela Divino Espírito Santo,20/08/2026,20:00,,,publico,nenhuma,,,,,Capela Divino Espírito Santo,
Espiritualidade Grupo Bom Pastor,Pastoral / Grupo de Oração,Capela Divino Espírito Santo,17/09/2026,20:00,,,publico,nenhuma,,,,,Capela Divino Espírito Santo,
Espiritualidade Grupo Bom Pastor,Pastoral / Grupo de Oração,Capela Divino Espírito Santo,15/10/2026,20:00,,,publico,nenhuma,,,,,Capela Divino Espírito Santo,
Espiritualidade Grupo Bom Pastor,Pastoral / Grupo de Oração,Capela Divino Espírito Santo,19/11/2026,20:00,,,publico,nenhuma,,,,,Capela Divino Espírito Santo,
Espiritualidade Grupo Bom Pastor,Pastoral / Grupo de Oração,Capela Divino Espírito Santo,17/12/2026,20:00,,,publico,nenhuma,,,,,Capela Divino Espírito Santo,
Missa de Aniversário do Padre Rafael,Festa / Celebração Especial,Capela São Judas Tadeu,14/06/2026,07:00,,,publico,nenhuma,,,,,Capela São Judas Tadeu,
Missa de Aniversário do Padre Rafael,Festa / Celebração Especial,Capela Nosso Senhor do Bonfim,14/06/2026,08:30,,,publico,nenhuma,,,,,Capela Nosso Senhor do Bonfim,
Missa das Crianças - Aniversário do Padre Rafael,Festa / Celebração Especial,Igreja Matriz,14/06/2026,10:00,,,publico,nenhuma,,,,,Igreja Matriz,
Missa de Aniversário do Padre Rafael,Festa / Celebração Especial,Capela Santa Edwiges,14/06/2026,17:00,,,publico,nenhuma,,,,,Capela Santa Edwiges,
